Parcela,AGBse,AGBce,GY,H
1,40.106,54.924,3594.0909090909086,161.6
2,21.472,27.395999999999997,2741.388888888889,127.2
3,48.056,64.374,5268.854166666666,162.2
4,37.274,53.52,3673.0208333333335,154.4
5,38.333999999999996,50.977999999999994,4368.749999999999,133.0
6,55.58,77.30999999999999,5383.020833333333,184.8
7,42.089999999999996,52.709999999999994,2957.5,160.0
8,53.848,74.39399999999999,5797.291666666666,192.68
9,44.245999999999995,62.71600000000001,4483.636363636363,160.64000000000001
10,50.400000000000006,74.49600000000001,5211.354166666667,176.95999999999998
11,45.874,58.46999999999999,3600.6818181818185,184.0
12,38.95399999999999,55.898,2268.0,163.56
13,46.44,62.422000000000004,5619.270833333334,190.22
14,39.234,44.882,3142.1875,168.4
15,49.690000000000005,68.17,4784.772727272728,170.32
16,41.57600000000001,59.306,3011.136363636364,169.72
17,24.365999999999996,36.14999999999999,2897.727272727273,119.47999999999999
18,40.146,54.812,3232.9999999999995,168.71999999999997
19,46.776,67.506,3848.055555555556,164.32
20,33.391999999999996,45.128,2891.875,135.8
21,46.85,58.718,6370.227272727273,169.2
22,25.148,29.994,3000.0,120.4
23,30.918,42.285999999999994,4514.479166666667,141.72
24,59.760000000000005,78.794,5656.499999999999,183.4
