Parcela,Biochar,Calcario,Bloco,TLA_cm2_planta,ExG_DN_QGIS
1,BC0,L75,1,3132.31,63.42
2,BC0,L0,2,2383.7317,36.02
3,BC12,L100,3,3228.3474,64.82
4,BC0,L100,4,2832.1546,73.0
5,BC12,L0,4,3100.1384,46.94
6,BC12,L75,3,3743.8033,56.36
7,BC0,L75,2,2774.717,48.08
8,BC12,L100,1,3171.7403,73.88
9,BC12,L0,1,3131.0593,51.33
10,BC12,L100,2,2900.2753,58.23
11,BC0,L100,3,2911.6766,57.39
12,BC0,L75,4,2780.7382,57.27
13,BC12,L75,4,3005.9949,66.21
14,BC0,L75,3,2858.7584,57.56
15,BC12,L75,2,3003.2121,56.28
16,BC0,L100,1,3054.2276,54.79
17,BC0,L0,1,2032.3007,30.79
18,BC0,L100,2,2690.1784,49.97
19,BC12,L0,3,3572.415,41.49
20,BC0,L0,4,2933.2988,34.61
21,BC12,L100,4,3159.2302,60.34
22,BC0,L0,3,2861.9627,34.99
23,BC12,L0,2,2790.7111,45.09
24,BC12,L75,1,3079.2705,54.66
