Parcela,BC,L,BL,TLA,LAI_informado,SPAD,ExG
1,BC0,L75,1,3132.31,3.13,30.6,63.42
2,BC0,L0,2,2383.73,2.38,27.7,36.02
3,BC12,L100,3,3228.35,3.23,36.6,64.82
4,BC0,L100,4,2832.15,2.83,31.6,73
5,BC12,L0,4,3100.14,3.10,35.8,46.94
6,BC12,L75,3,3300.80,3.30,31.6,56.36
7,BC0,L75,2,2774.72,2.77,33.9,48.08
8,BC12,L100,1,3171.74,3.17,36.0,73.88
9,BC12,L0,1,3131.06,3.13,30.1,51.33
10,BC12,L100,2,2900.28,2.90,34.1,58.23
11,BC0,L100,3,2911.68,2.91,32.9,57.39
12,BC0,L75,4,2780.74,2.78,34.3,57.27
13,BC12,L75,4,3005.99,3.01,36.5,66.21
14,BC0,L75,3,2858.76,2.86,28.8,57.56
15,BC12,L75,2,3003.21,3.00,31.8,56.28
16,BC0,L100,1,3054.23,3.05,34.4,54.79
17,BC0,L0,1,2032.30,2.03,33.3,30.79
18,BC0,L100,2,2690.18,2.69,32.2,49.97
19,BC12,L0,3,3200.42,3.24,32.0,51.49
20,BC0,L0,4,2333.30,2.30,31.6,34.61
21,BC12,L100,4,3159.23,3.16,37.6,60.34
22,BC0,L0,3,2161.96,2.16,27.8,34.99
23,BC12,L0,2,2790.71,2.79,30.5,45.09
24,BC12,L75,1,3079.27,3.08,39.0,54.66
