"esquema","modelo","R2","RMSE","rRMSE","MAE","vies","pct_RMSE_menor_que_nulo"
"deixa_um_bloco_fora","Nulo",-0.1716,0.36,12.1464,0.249,0,NA
"deixa_um_bloco_fora","Linear",-0.2203,0.3674,12.3959,0.2725,0.0071,NA
"deixa_um_bloco_fora","Quadratica",-0.1494,0.3566,12.0306,0.2849,0.014,NA
"deixa_um_bloco_fora","Exponencial",-0.2451,0.3711,12.5213,0.2738,-0.0071,NA
"deixa_um_bloco_fora","RF",-0.3028,0.3796,12.8084,0.3058,0.0232,NA
"LOOCV","Nulo",-0.0888,0.347,11.7093,0.2448,0,NA
"LOOCV","Linear",-0.0441,0.3398,11.4663,0.2438,0.007,NA
"LOOCV","Quadratica",-0.0082,0.3339,11.2675,0.2587,0.0041,NA
"LOOCV","Exponencial",-0.0678,0.3437,11.5958,0.2486,-0.0075,NA
"LOOCV","RF",-0.1584,0.358,12.0776,0.275,-0.0103,NA
"5fold_x100","Nulo",-0.1007,0.3488,11.7685,0.2456,1e-04,NA
"5fold_x100","Linear",-0.0689,0.3435,11.5886,0.2463,0.009,NA
"5fold_x100","Quadratica",-0.0547,0.3409,11.5012,0.2613,0.0064,NA
"5fold_x100","Exponencial",-0.0947,0.3476,11.7273,0.2505,-0.0049,NA
"5fold_x100","RF",-0.219,0.3665,12.3642,0.2802,-0.0052,NA
"70_30_x500","Nulo",-0.3352,0.3191,10.8395,0.2406,0.0087,0
"70_30_x500","Linear",-0.5083,0.3196,10.8298,0.2425,0.0207,58.4
"70_30_x500","Quadratica",-0.6701,0.3222,10.9133,0.2563,0.0168,54
"70_30_x500","Exponencial",-0.6191,0.3243,10.982,0.2466,0.0071,56.4
"70_30_x500","RF",-0.927,0.3461,11.7307,0.2743,0.0091,38.2
