"Variable","Source","df","SS","MS","F","p","CV_pct","Shapiro_p","Levene_p"
"LAI (m2 m-2)","Block",3,0.1402,0.04674,2.2,0.131,,,
"LAI (m2 m-2)","Biochar",1,1.135,1.135,53.38,2.58e-06,,,
"LAI (m2 m-2)","Lime",2,0.6557,0.3278,15.41,0.00023,,,
"LAI (m2 m-2)","Biochar:Lime",2,0.5115,0.2558,12.03,0.000765,,,
"LAI (m2 m-2)","Residuals",15,0.319,0.02127,,,5.1,0.989,0.996
"TLA (cm2 plant-1)","Block",3,132400,44130,2.06,0.149,,,
"TLA (cm2 plant-1)","Biochar",1,1094000,1094000,51.02,3.38e-06,,,
"TLA (cm2 plant-1)","Lime",2,657200,328600,15.32,0.000238,,,
"TLA (cm2 plant-1)","Biochar:Lime",2,482600,241300,11.25,0.00104,,,
"TLA (cm2 plant-1)","Residuals",15,321800,21450,,,5.1,0.986,0.995
"SPAD index","Block",3,41.14,13.71,2.77,0.0781,,,
"SPAD index","Biochar",1,44.01,44.01,8.88,0.00935,,,
"SPAD index","Lime",2,45.84,22.92,4.62,0.0273,,,
"SPAD index","Biochar:Lime",2,1.731,0.8654,0.17,0.841,,,
"SPAD index","Residuals",15,74.34,4.956,,,6.8,0.713,0.11
"ExG (DN)","Block",3,185.5,61.84,1.83,0.185,,,
"ExG (DN)","Biochar",1,320.8,320.8,9.48,0.00763,,,
"ExG (DN)","Lime",2,1815,907.6,26.83,1.11e-05,,,
"ExG (DN)","Biochar:Lime",2,173.7,86.87,2.57,0.11,,,
"ExG (DN)","Residuals",15,507.4,33.82,,,10.9,0.227,0.669
