"Variable","Effect","Level","Mean_SD","CI95","Tukey"
"LAI (m2 m-2)","Biochar","BC0","2.77 ± 0.30","± 0.19","b"
"LAI (m2 m-2)","Biochar","BC12","3.16 ± 0.27","± 0.17","a"
"LAI (m2 m-2)","Lime","L0","2.85 ± 0.47","± 0.39","ns"
"LAI (m2 m-2)","Lime","L75","3.05 ± 0.31","± 0.26","ns"
"LAI (m2 m-2)","Lime","L100","2.99 ± 0.19","± 0.16","ns"
"TLA (cm2 plant-1)","Biochar","BC0","2771 ± 298","± 190","b"
"TLA (cm2 plant-1)","Biochar","BC12","3157 ± 266","± 169","a"
"TLA (cm2 plant-1)","Lime","L0","2851 ± 472","± 395","ns"
"TLA (cm2 plant-1)","Lime","L75","3047 ± 311","± 260","ns"
"TLA (cm2 plant-1)","Lime","L100","2993 ± 190","± 158","ns"
"SPAD index","Biochar","BC0","31.6 ± 2.4","± 1.5","b"
"SPAD index","Biochar","BC12","34.3 ± 3.0","± 1.9","a"
"SPAD index","Lime","L0","31.1 ± 2.7","± 2.3","b"
"SPAD index","Lime","L75","33.3 ± 3.3","± 2.8","ab"
"SPAD index","Lime","L100","34.4 ± 2.2","± 1.8","a"
"ExG (DN)","Biochar","BC0","49.8 ± 13.2","± 8.4","b"
"ExG (DN)","Biochar","BC12","56.3 ± 9.3","± 5.9","a"
"ExG (DN)","Lime","L0","40.2 ± 7.2","± 6.0","b"
"ExG (DN)","Lime","L75","57.5 ± 5.5","± 4.6","a"
"ExG (DN)","Lime","L100","61.6 ± 8.5","± 7.1","a"
